time,series_id,torque_trial,speed2,torque2
0.0,0,0.2,5,0.189
0.010134220123291016,0,0.2,27,0.1935
0.020561695098876953,0,0.2,16,0.198
0.031132936477661133,0,0.2,32,0.1935
0.041495323181152344,0,0.2,43,0.1935
0.05193495750427246,0,0.2,43,0.198
0.06208610534667969,0,0.2,49,0.198
0.07254981994628906,0,0.2,49,0.198
0.08274435997009277,0,0.2,60,0.198
0.0929408073425293,0,0.2,60,0.1935
0.10330677032470703,0,0.2,60,0.1935
0.11385107040405273,0,0.2,65,0.1935
0.12397050857543945,0,0.2,65,0.2025
0.1345374584197998,0,0.2,71,0.1935
0.14491915702819824,0,0.2,76,0.189
0.15508508682250977,0,0.2,87,0.18450000000000003
0.16554760932922363,0,0.2,82,0.189
0.17578458786010742,0,0.2,98,0.2025
0.18621230125427246,0,0.2,109,0.18450000000000003
0.19668245315551758,0,0.2,115,0.18450000000000003
0.20677828788757324,0,0.2,115,0.198
0.21735692024230957,0,0.2,126,0.20700000000000002
0.2275524139404297,0,0.2,131,0.189
0.23812031745910645,0,0.2,137,0.198
0.2485065460205078,0,0.2,137,0.2025
0.25884056091308594,0,0.2,131,0.189
0.2694065570831299,0,0.2,131,0.20700000000000002
0.2799093723297119,0,0.2,142,0.18000000000000002
0.2904510498046875,0,0.2,153,0.1935
0.30112218856811523,0,0.2,153,0.198
0.31139254570007324,0,0.2,153,0.198
0.32155919075012207,0,0.2,159,0.189
0.33232760429382324,0,0.2,164,0.198
0.34249067306518555,0,0.2,170,0.2025
0.35305356979370117,0,0.2,175,0.216
0.36336779594421387,0,0.2,181,0.18450000000000003
0.37373995780944824,0,0.2,181,0.17550000000000002
0.3840034008026123,0,0.2,197,0.20700000000000002
0.3945310115814209,0,0.2,197,0.18450000000000003
0.4049873352050781,0,0.2,203,0.198
0.41510725021362305,0,0.2,197,0.18450000000000003
0.4254448413848877,0,0.2,203,0.2025
0.4360084533691406,0,0.2,214,0.18000000000000002
0.4463169574737549,0,0.2,214,0.2025
0.4568352699279785,0,0.2,225,0.1935
0.46694111824035645,0,0.2,225,0.189
0.47750115394592285,0,0.2,230,0.198
0.48822927474975586,0,0.2,230,0.1935
0.4984931945800781,0,0.2,236,0.1935
0.5089130401611328,0,0.2,258,0.17550000000000002
0.5192523002624512,0,0.2,247,0.20700000000000002
0.5298182964324951,0,0.2,252,0.17550000000000002
0.5399141311645508,0,0.2,252,0.1665
0.5503485202789307,0,0.2,258,0.216
0.5606317520141602,0,0.2,263,0.21150000000000002
0.0,1,0.2,0,0.0
0.010898590087890625,1,0.2,10,0.198
0.021120309829711914,1,0.2,16,0.189
0.03170657157897949,1,0.2,16,0.20700000000000002
0.0420682430267334,1,0.2,10,0.1935
0.05250740051269531,1,0.2,21,0.198
0.06278300285339355,1,0.2,27,0.198
0.07311487197875977,1,0.2,32,0.2025
0.08355975151062012,1,0.2,43,0.18450000000000003
0.09377717971801758,1,0.2,43,0.2025
0.10425519943237305,1,0.2,49,0.1935
0.11435699462890625,1,0.2,43,0.1935
0.12471890449523926,1,0.2,49,0.198
0.13507366180419922,1,0.2,65,0.2025
0.14577388763427734,1,0.2,65,0.2025
0.15598487854003906,1,0.2,76,0.189
0.1665046215057373,1,0.2,82,0.1935
0.17667746543884277,1,0.2,82,0.1935
0.1872553825378418,1,0.2,82,0.1935
0.1974194049835205,1,0.2,93,0.189
0.20797944068908691,1,0.2,93,0.198
0.2183396816253662,1,0.2,93,0.198
0.22868895530700684,1,0.2,98,0.1935
0.23906850814819336,1,0.2,98,0.1935
0.24950551986694336,1,0.2,98,0.1935
0.2596886157989502,1,0.2,98,0.189
0.26984095573425293,1,0.2,109,0.198
0.2802000045776367,1,0.2,115,0.189
0.29077911376953125,1,0.2,131,0.198
0.301145076751709,1,0.2,131,0.2025
0.3113565444946289,1,0.2,131,0.18450000000000003
0.3215949535369873,1,0.2,142,0.21150000000000002
0.331758975982666,1,0.2,137,0.2025
0.3418872356414795,1,0.2,137,0.1935
0.35242438316345215,1,0.2,142,0.189
0.36306071281433105,1,0.2,148,0.17550000000000002
0.37355637550354004,1,0.2,159,0.198
0.3842484951019287,1,0.2,159,0.198
0.39485812187194824,1,0.2,159,0.18000000000000002
0.4053940773010254,1,0.2,164,0.20700000000000002
0.4154653549194336,1,0.2,170,0.17550000000000002
0.4259650707244873,1,0.2,170,0.17550000000000002
0.4362215995788574,1,0.2,175,0.20700000000000002
0.44655466079711914,1,0.2,181,0.18450000000000003
0.45673155784606934,1,0.2,197,0.18450000000000003
0.4670097827911377,1,0.2,197,0.20700000000000002
0.4774811267852783,1,0.2,197,0.189
0.4882700443267822,1,0.2,197,0.20700000000000002
0.49859619140625,1,0.2,192,0.171
0.5090069770812988,1,0.2,186,0.20700000000000002
0.519310474395752,1,0.2,208,0.198
0.5297846794128418,1,0.2,208,0.198
0.5399825572967529,1,0.2,203,0.2025
0.5503695011138916,1,0.2,214,0.18450000000000003
0.0,2,0.2,0,0.0045000000000000005
0.010364770889282227,2,0.2,5,0.1935
0.02059650421142578,2,0.2,5,0.198
0.03075861930847168,2,0.2,10,0.1935
0.040963172912597656,2,0.2,10,0.1935
0.05122566223144531,2,0.2,16,0.1935
0.06160712242126465,2,0.2,32,0.18000000000000002
0.07193827629089355,2,0.2,32,0.1935
0.0821843147277832,2,0.2,27,0.189
0.09236717224121094,2,0.2,32,0.2025
0.10305190086364746,2,0.2,38,0.18450000000000003
0.11320090293884277,2,0.2,54,0.1935
0.12355828285217285,2,0.2,54,0.198
0.13415956497192383,2,0.2,65,0.18450000000000003
0.14440417289733887,2,0.2,65,0.189
0.15508437156677246,2,0.2,71,0.1935
0.16522216796875,2,0.2,76,0.198
0.1758573055267334,2,0.2,87,0.198
0.18622779846191406,2,0.2,98,0.198
0.1963968276977539,2,0.2,93,0.1935
0.20697283744812012,2,0.2,93,0.1935
0.2173597812652588,2,0.2,98,0.189
0.22790884971618652,2,0.2,98,0.198
0.23871326446533203,2,0.2,104,0.198
0.2490859031677246,2,0.2,109,0.1935
0.25940632820129395,2,0.2,109,0.1935
0.2697770595550537,2,0.2,98,0.2025
0.2803478240966797,2,0.2,126,0.18450000000000003
0.29061079025268555,2,0.2,131,0.198
0.30084896087646484,2,0.2,131,0.1935
0.31104254722595215,2,0.2,142,0.198
0.32123851776123047,2,0.2,137,0.189
0.331406831741333,2,0.2,120,0.198
0.3418703079223633,2,0.2,142,0.1935
0.3523440361022949,2,0.2,153,0.189
0.36273980140686035,2,0.2,148,0.1935
0.3732616901397705,2,0.2,153,0.18450000000000003
0.3835783004760742,2,0.2,175,0.2025
0.39402198791503906,2,0.2,164,0.20700000000000002
0.40428876876831055,2,0.2,181,0.1935
0.4145951271057129,2,0.2,186,0.2025
0.4250807762145996,2,0.2,186,0.198
0.43553853034973145,2,0.2,170,0.1935
0.44598984718322754,2,0.2,197,0.198
0.45627546310424805,2,0.2,197,0.198
0.4673762321472168,2,0.2,203,0.2025
0.47788500785827637,2,0.2,203,0.198
0.488431453704834,2,0.2,208,0.198
0.49868130683898926,2,0.2,214,0.20700000000000002
0.5088739395141602,2,0.2,225,0.189
0.5193018913269043,2,0.2,225,0.1935
0.5297756195068359,2,0.2,241,0.189
0.5402233600616455,2,0.2,236,0.20700000000000002
0.5504765510559082,2,0.2,230,0.17550000000000002
0.5606672763824463,2,0.2,247,0.198
0.0,3,0.2,0,0.21150000000000002
0.010581254959106445,3,0.2,16,0.20700000000000002
0.020907163619995117,3,0.2,27,0.1935
0.031297922134399414,3,0.2,27,0.18450000000000003
0.04151201248168945,3,0.2,43,0.198
0.05221223831176758,3,0.2,49,0.189
0.06261110305786133,3,0.2,65,0.1935
0.07306933403015137,3,0.2,65,0.2025
0.0835728645324707,3,0.2,82,0.198
0.0939183235168457,3,0.2,93,0.198
0.10430049896240234,3,0.2,98,0.1935
0.11448526382446289,3,0.2,93,0.1935
0.12497448921203613,3,0.2,98,0.198
0.13526320457458496,3,0.2,98,0.2025
0.145721435546875,3,0.2,98,0.2025
0.15619730949401855,3,0.2,98,0.1935
0.16653895378112793,3,0.2,104,0.189
0.1772313117980957,3,0.2,98,0.189
0.18732452392578125,3,0.2,109,0.21150000000000002
0.19741511344909668,3,0.2,109,0.18000000000000002
0.20802950859069824,3,0.2,120,0.1935
0.21825337409973145,3,0.2,126,0.198
0.2288069725036621,3,0.2,137,0.1935
0.2394566535949707,3,0.2,137,0.1935
0.2498788833618164,3,0.2,142,0.2025
0.26044344902038574,3,0.2,142,0.18450000000000003
0.2708911895751953,3,0.2,153,0.1935
0.28144288063049316,3,0.2,153,0.1935
0.29239702224731445,3,0.2,159,0.18000000000000002
0.30277466773986816,3,0.2,164,0.2025
0.3130955696105957,3,0.2,175,0.1935
0.3233616352081299,3,0.2,170,0.198
0.3340158462524414,3,0.2,175,0.1935
0.34422922134399414,3,0.2,186,0.198
0.3545041084289551,3,0.2,186,0.198
0.3648519515991211,3,0.2,192,0.198
0.37494707107543945,3,0.2,192,0.198
0.385516881942749,3,0.2,192,0.2025
0.3962428569793701,3,0.2,203,0.198
0.4064924716949463,3,0.2,192,0.189
0.41726040840148926,3,0.2,214,0.2025
0.42756199836730957,3,0.2,219,0.1935
0.43781542778015137,3,0.2,225,0.1935
0.44808316230773926,3,0.2,230,0.189
0.45822834968566895,3,0.2,230,0.21150000000000002
0.46863722801208496,3,0.2,230,0.18450000000000003
0.47884559631347656,3,0.2,241,0.18000000000000002
0.48925304412841797,3,0.2,241,0.2025
0.4997715950012207,3,0.2,247,0.18000000000000002
0.5102722644805908,3,0.2,241,0.216
0.5204601287841797,3,0.2,258,0.21150000000000002
0.5312778949737549,3,0.2,263,0.1935
0.5414319038391113,3,0.2,269,0.216
0.0,4,0.2,0,0.0
0.010345697402954102,4,0.2,0,0.198
0.0208284854888916,4,0.2,10,0.189
0.031059741973876953,4,0.2,16,0.2025
0.0412600040435791,4,0.2,16,0.198
0.05175471305847168,4,0.2,21,0.18450000000000003
0.062453269958496094,4,0.2,21,0.18450000000000003
0.07269954681396484,4,0.2,27,0.198
0.08299875259399414,4,0.2,27,0.20700000000000002
0.09313774108886719,4,0.2,38,0.198
0.10386323928833008,4,0.2,38,0.18000000000000002
0.1141963005065918,4,0.2,43,0.20700000000000002
0.1244974136352539,4,0.2,49,0.198
0.134873628616333,4,0.2,49,0.198
0.14532136917114258,4,0.2,65,0.1935
0.15614652633666992,4,0.2,65,0.18000000000000002
0.1664261817932129,4,0.2,71,0.1935
0.17692327499389648,4,0.2,87,0.189
0.1872851848602295,4,0.2,87,0.1935
0.19751477241516113,4,0.2,82,0.1935
0.20803618431091309,4,0.2,104,0.1935
0.21820974349975586,4,0.2,109,0.1935
0.2286224365234375,4,0.2,104,0.198
0.2393190860748291,4,0.2,98,0.21150000000000002
0.2498023509979248,4,0.2,109,0.1935
0.26031017303466797,4,0.2,104,0.17550000000000002
0.2706787586212158,4,0.2,109,0.18450000000000003
0.28121089935302734,4,0.2,104,0.17550000000000002
0.2915987968444824,4,0.2,115,0.18450000000000003
0.30218935012817383,4,0.2,120,0.1935
0.3126242160797119,4,0.2,137,0.198
0.3230772018432617,4,0.2,131,0.18450000000000003
0.33342409133911133,4,0.2,137,0.198
0.3436431884765625,4,0.2,148,0.2025
0.353956937789917,4,0.2,142,0.189
0.36466264724731445,4,0.2,148,0.20700000000000002
0.37514400482177734,4,0.2,159,0.18450000000000003
0.38564634323120117,4,0.2,164,0.1935
0.39629197120666504,4,0.2,175,0.21150000000000002
0.40660977363586426,4,0.2,175,0.1935
0.41715502738952637,4,0.2,181,0.21150000000000002
0.4276237487792969,4,0.2,175,0.2025
0.4380185604095459,4,0.2,186,0.1935
0.4486401081085205,4,0.2,192,0.18000000000000002
0.45897841453552246,4,0.2,186,0.20700000000000002
0.46926140785217285,4,0.2,197,0.189
0.479372501373291,4,0.2,197,0.189
0.4896512031555176,4,0.2,197,0.189
0.5002326965332031,4,0.2,203,0.18450000000000003
0.5105607509613037,4,0.2,203,0.1935
0.5211577415466309,4,0.2,208,0.18000000000000002
0.5313034057617188,4,0.2,225,0.2025
0.5415387153625488,4,0.2,236,0.18450000000000003
0.5519022941589355,4,0.2,230,0.225
0.5622720718383789,4,0.2,225,0.18000000000000002
0.0,0,0.25,5,0.24300000000000002
0.010531902313232422,0,0.25,10,0.24750000000000003
0.02123403549194336,0,0.25,10,0.24300000000000002
0.03174185752868652,0,0.25,21,0.24300000000000002
0.04223823547363281,0,0.25,27,0.23850000000000002
0.05328011512756348,0,0.25,32,0.24300000000000002
0.06345963478088379,0,0.25,43,0.24300000000000002
0.0737769603729248,0,0.25,38,0.24300000000000002
0.08405852317810059,0,0.25,38,0.24750000000000003
0.09427905082702637,0,0.25,43,0.24750000000000003
0.1043539047241211,0,0.25,60,0.25200000000000006
0.11458802223205566,0,0.25,60,0.25200000000000006
0.12517452239990234,0,0.25,60,0.261
0.13588213920593262,0,0.25,65,0.234
0.14597773551940918,0,0.25,65,0.24750000000000003
0.1562037467956543,0,0.25,71,0.25200000000000006
0.16643571853637695,0,0.25,87,0.24750000000000003
0.17708659172058105,0,0.25,98,0.24300000000000002
0.18755030632019043,0,0.25,126,0.23850000000000002
0.19795584678649902,0,0.25,115,0.25200000000000006
0.20856952667236328,0,0.25,131,0.25200000000000006
0.21929407119750977,0,0.25,142,0.23850000000000002
0.22942066192626953,0,0.25,142,0.25200000000000006
0.23984384536743164,0,0.25,148,0.25200000000000006
0.2503330707550049,0,0.25,153,0.225
0.26061248779296875,0,0.25,164,0.2655
0.2711827754974365,0,0.25,164,0.2295
0.2813847064971924,0,0.25,175,0.25200000000000006
0.29168105125427246,0,0.25,175,0.25200000000000006
0.30188965797424316,0,0.25,192,0.24750000000000003
0.31220126152038574,0,0.25,197,0.24750000000000003
0.3228471279144287,0,0.25,197,0.25200000000000006
0.3329930305480957,0,0.25,208,0.24750000000000003
0.34323906898498535,0,0.25,219,0.25200000000000006
0.35337328910827637,0,0.25,219,0.25200000000000006
0.36403632164001465,0,0.25,236,0.23850000000000002
0.0,1,0.25,0,0.0
0.010410547256469727,1,0.25,32,0.24300000000000002
0.020513057708740234,1,0.25,43,0.25200000000000006
0.03083634376525879,1,0.25,21,0.25200000000000006
0.041031599044799805,1,0.25,32,0.24300000000000002
0.05143237113952637,1,0.25,32,0.23850000000000002
0.06181526184082031,1,0.25,38,0.24300000000000002
0.0722355842590332,1,0.25,49,0.24300000000000002
0.08248305320739746,1,0.25,54,0.24300000000000002
0.0928492546081543,1,0.25,54,0.25200000000000006
0.10358238220214844,1,0.25,60,0.25650000000000006
0.11398100852966309,1,0.25,65,0.24750000000000003
0.12417864799499512,1,0.25,71,0.24750000000000003
0.1345806121826172,1,0.25,82,0.2295
0.14482450485229492,1,0.25,82,0.24750000000000003
0.15498661994934082,1,0.25,93,0.24300000000000002
0.16568565368652344,1,0.25,98,0.23850000000000002
0.17603754997253418,1,0.25,98,0.23850000000000002
0.18625950813293457,1,0.25,115,0.24750000000000003
0.19664502143859863,1,0.25,115,0.25200000000000006
0.2067244052886963,1,0.25,131,0.25200000000000006
0.21701598167419434,1,0.25,137,0.234
0.2272944450378418,1,0.25,142,0.25200000000000006
0.2376086711883545,1,0.25,148,0.25200000000000006
0.24793505668640137,1,0.25,153,0.2295
0.25824928283691406,1,0.25,164,0.261
0.2684457302093506,1,0.25,175,0.24750000000000003
0.2786598205566406,1,0.25,181,0.24750000000000003
0.28923511505126953,1,0.25,181,0.2295
0.2996809482574463,1,0.25,192,0.261
0.31012463569641113,1,0.25,197,0.225
0.32075929641723633,1,0.25,203,0.261
0.3311781883239746,1,0.25,208,0.225
0.34166550636291504,1,0.25,230,0.261
0.3518562316894531,1,0.25,230,0.2295
0.36208510398864746,1,0.25,241,0.25200000000000006
0.0,2,0.25,27,0.24300000000000002
0.010342597961425781,2,0.25,43,0.24300000000000002
0.02073216438293457,2,0.25,27,0.24750000000000003
0.03128385543823242,2,0.25,38,0.24300000000000002
0.04176449775695801,2,0.25,49,0.24300000000000002
0.0522611141204834,2,0.25,60,0.24750000000000003
0.062479257583618164,2,0.25,65,0.24750000000000003
0.07288742065429688,2,0.25,71,0.23850000000000002
0.08298301696777344,2,0.25,71,0.23850000000000002
0.09361433982849121,2,0.25,71,0.24750000000000003
0.10393357276916504,2,0.25,82,0.25200000000000006
0.11432719230651855,2,0.25,82,0.25650000000000006
0.12458252906799316,2,0.25,87,0.225
0.13481855392456055,2,0.25,93,0.24300000000000002
0.14523673057556152,2,0.25,104,0.24300000000000002
0.15587759017944336,2,0.25,115,0.24750000000000003
0.1665050983428955,2,0.25,120,0.24300000000000002
0.17713713645935059,2,0.25,126,0.234
0.18761420249938965,2,0.25,142,0.25200000000000006
0.19824624061584473,2,0.25,142,0.24750000000000003
0.20836544036865234,2,0.25,153,0.24750000000000003
0.21877455711364746,2,0.25,148,0.261
0.22909760475158691,2,0.25,159,0.23850000000000002
0.2392728328704834,2,0.25,164,0.261
0.24998998641967773,2,0.25,164,0.2295
0.2603607177734375,2,0.25,175,0.24750000000000003
0.2710740566253662,2,0.25,186,0.24750000000000003
0.2815556526184082,2,0.25,186,0.24750000000000003
0.29199910163879395,2,0.25,203,0.25200000000000006
0.3023223876953125,2,0.25,197,0.24750000000000003
0.31261229515075684,2,0.25,219,0.24300000000000002
0.32294511795043945,2,0.25,219,0.25650000000000006
0.33328795433044434,2,0.25,225,0.24750000000000003
0.34348368644714355,2,0.25,241,0.24300000000000002
0.35356736183166504,2,0.25,247,0.21150000000000002
0.36391615867614746,2,0.25,252,0.25650000000000006
0.0,3,0.25,32,0.234
0.01064753532409668,3,0.25,54,0.23850000000000002
0.020975351333618164,3,0.25,27,0.25200000000000006
0.031427621841430664,3,0.25,38,0.23850000000000002
0.04188084602355957,3,0.25,49,0.24750000000000003
0.05204582214355469,3,0.25,49,0.24750000000000003
0.0624234676361084,3,0.25,60,0.24750000000000003
0.07270693778991699,3,0.25,60,0.24750000000000003
0.08297395706176758,3,0.25,65,0.24300000000000002
0.09324312210083008,3,0.25,76,0.24300000000000002
0.10338187217712402,3,0.25,87,0.23850000000000002
0.11371135711669922,3,0.25,82,0.24750000000000003
0.12414431571960449,3,0.25,93,0.25200000000000006
0.13451480865478516,3,0.25,98,0.234
0.1451115608215332,3,0.25,98,0.24750000000000003
0.15564870834350586,3,0.25,109,0.25200000000000006
0.16620349884033203,3,0.25,120,0.225
0.176788330078125,3,0.25,131,0.23850000000000002
0.18732380867004395,3,0.25,137,0.24750000000000003
0.19745278358459473,3,0.25,148,0.234
0.20787358283996582,3,0.25,148,0.24300000000000002
0.21836519241333008,3,0.25,148,0.25650000000000006
0.22890353202819824,3,0.25,159,0.234
0.2389976978302002,3,0.25,164,0.24300000000000002
0.2494978904724121,3,0.25,181,0.234
0.2597389221191406,3,0.25,186,0.24300000000000002
0.27022814750671387,3,0.25,192,0.25200000000000006
0.28075408935546875,3,0.25,208,0.24750000000000003
0.290926456451416,3,0.25,208,0.24750000000000003
0.30148911476135254,3,0.25,214,0.24750000000000003
0.31173086166381836,3,0.25,208,0.24750000000000003
0.32206296920776367,3,0.25,219,0.216
0.33229541778564453,3,0.25,230,0.25200000000000006
0.34299445152282715,3,0.25,241,0.2205
0.35361146926879883,3,0.25,241,0.261
0.36388635635375977,3,0.25,252,0.23850000000000002
0.0,4,0.25,0,0.0
0.010437726974487305,4,0.25,21,0.23850000000000002
0.02085113525390625,4,0.25,16,0.24750000000000003
0.031107187271118164,4,0.25,21,0.24300000000000002
0.041622161865234375,4,0.25,21,0.24300000000000002
0.05172443389892578,4,0.25,32,0.24300000000000002
0.06189727783203125,4,0.25,38,0.24300000000000002
0.0723419189453125,4,0.25,32,0.24300000000000002
0.08260202407836914,4,0.25,38,0.24750000000000003
0.09306216239929199,4,0.25,43,0.24750000000000003
0.10355186462402344,4,0.25,49,0.24750000000000003
0.11380958557128906,4,0.25,54,0.24750000000000003
0.12410545349121094,4,0.25,60,0.24750000000000003
0.1345963478088379,4,0.25,65,0.2295
0.14490699768066406,4,0.25,65,0.23850000000000002
0.15523982048034668,4,0.25,76,0.24750000000000003
0.16574406623840332,4,0.25,87,0.24750000000000003
0.17588329315185547,4,0.25,87,0.24750000000000003
0.1860194206237793,4,0.25,115,0.225
0.1965041160583496,4,0.25,98,0.25650000000000006
0.2071220874786377,4,0.25,115,0.24300000000000002
0.21721625328063965,4,0.25,131,0.24750000000000003
0.2275714874267578,4,0.25,142,0.23850000000000002
0.23813414573669434,4,0.25,148,0.24750000000000003
0.2487316131591797,4,0.25,153,0.25200000000000006
0.2590525150299072,4,0.25,153,0.216
0.2695331573486328,4,0.25,159,0.234
0.2798292636871338,4,0.25,164,0.216
0.2904801368713379,4,0.25,170,0.234
0.3006319999694824,4,0.25,181,0.24750000000000003
0.31109189987182617,4,0.25,192,0.24300000000000002
0.3215138912200928,4,0.25,197,0.234
0.33162403106689453,4,0.25,197,0.24750000000000003
0.3420073986053467,4,0.25,208,0.24750000000000003
0.3525736331939697,4,0.25,214,0.25200000000000006
0.36274170875549316,4,0.25,230,0.24300000000000002
0.3728463649749756,4,0.25,236,0.261
0.38376569747924805,4,0.25,241,0.225
0.0,0,0.3,0,0.0045000000000000005
0.010142326354980469,0,0.3,27,0.29250000000000004
0.020476341247558594,0,0.3,21,0.29250000000000004
0.030768871307373047,0,0.3,21,0.29700000000000004
0.04119300842285156,0,0.3,32,0.29250000000000004
0.051361799240112305,0,0.3,32,0.29700000000000004
0.062029361724853516,0,0.3,38,0.28800000000000003
0.07218384742736816,0,0.3,49,0.28800000000000003
0.08234429359436035,0,0.3,60,0.30150000000000005
0.09288191795349121,0,0.3,76,0.29700000000000004
0.10380887985229492,0,0.3,98,0.31050000000000005
0.11420941352844238,0,0.3,93,0.28800000000000003
0.12447810173034668,0,0.3,120,0.29250000000000004
0.1347503662109375,0,0.3,126,0.29250000000000004
0.14488959312438965,0,0.3,137,0.29250000000000004
0.15527582168579102,0,0.3,142,0.28800000000000003
0.1658773422241211,0,0.3,159,0.30150000000000005
0.17638731002807617,0,0.3,159,0.29250000000000004
0.18692779541015625,0,0.3,170,0.30150000000000005
0.19735050201416016,0,0.3,164,0.28350000000000003
0.20757126808166504,0,0.3,186,0.28800000000000003
0.21797561645507812,0,0.3,192,0.30150000000000005
0.22869157791137695,0,0.3,203,0.29250000000000004
0.23893189430236816,0,0.3,203,0.29250000000000004
0.2498481273651123,0,0.3,214,0.30150000000000005
0.26000142097473145,0,0.3,214,0.30150000000000005
0.27065467834472656,0,0.3,236,0.27
0.2812352180480957,0,0.3,247,0.28350000000000003
0.0,1,0.3,27,0.28800000000000003
0.010479211807250977,1,0.3,32,0.29250000000000004
0.020528554916381836,1,0.3,10,0.30150000000000005
0.03093099594116211,1,0.3,16,0.29700000000000004
0.04120755195617676,1,0.3,32,0.28800000000000003
0.05193519592285156,1,0.3,38,0.29700000000000004
0.06235837936401367,1,0.3,43,0.28350000000000003
0.07261109352111816,1,0.3,60,0.31050000000000005
0.08267855644226074,1,0.3,60,0.31050000000000005
0.09293723106384277,1,0.3,60,0.29700000000000004
0.10357379913330078,1,0.3,93,0.29250000000000004
0.11428403854370117,1,0.3,87,0.28350000000000003
0.12450957298278809,1,0.3,104,0.28350000000000003
0.13477683067321777,1,0.3,115,0.29250000000000004
0.14506936073303223,1,0.3,126,0.30150000000000005
0.15546512603759766,1,0.3,137,0.28350000000000003
0.16579461097717285,1,0.3,142,0.29250000000000004
0.17623019218444824,1,0.3,148,0.30600000000000005
0.1865098476409912,1,0.3,159,0.2745
0.1969892978668213,1,0.3,164,0.31500000000000006
0.20711874961853027,1,0.3,175,0.28800000000000003
0.2175145149230957,1,0.3,186,0.28800000000000003
0.22820520401000977,1,0.3,203,0.2745
0.23858261108398438,1,0.3,208,0.30150000000000005
0.24892449378967285,1,0.3,219,0.2745
0.2595374584197998,1,0.3,236,0.30600000000000005
0.26990365982055664,1,0.3,241,0.31050000000000005
0.0,2,0.3,43,0.29250000000000004
0.01054835319519043,2,0.3,38,0.29250000000000004
0.020738601684570312,2,0.3,27,0.29250000000000004
0.030994653701782227,2,0.3,38,0.29250000000000004
0.0415799617767334,2,0.3,43,0.29250000000000004
0.052168846130371094,2,0.3,49,0.29250000000000004
0.06255388259887695,2,0.3,65,0.29250000000000004
0.0731201171875,2,0.3,76,0.30150000000000005
0.08330726623535156,2,0.3,76,0.28800000000000003
0.0935218334197998,2,0.3,76,0.28800000000000003
0.1037747859954834,2,0.3,87,0.2745
0.11428141593933105,2,0.3,87,0.30150000000000005
0.12480044364929199,2,0.3,109,0.31050000000000005
0.1349036693572998,2,0.3,126,0.29700000000000004
0.14516139030456543,2,0.3,131,0.28800000000000003
0.15528512001037598,2,0.3,153,0.29700000000000004
0.16613054275512695,2,0.3,159,0.29250000000000004
0.17650651931762695,2,0.3,170,0.30150000000000005
0.18675446510314941,2,0.3,175,0.29700000000000004
0.19735455513000488,2,0.3,181,0.29700000000000004
0.20759081840515137,2,0.3,197,0.28800000000000003
0.21800851821899414,2,0.3,203,0.29700000000000004
0.22843217849731445,2,0.3,214,0.30600000000000005
0.23883676528930664,2,0.3,230,0.30600000000000005
0.24930477142333984,2,0.3,230,0.28800000000000003
0.2598235607147217,2,0.3,236,0.28800000000000003
0.27033400535583496,2,0.3,247,0.279
0.0,3,0.3,43,0.28350000000000003
0.010288715362548828,3,0.3,43,0.31050000000000005
0.020572662353515625,3,0.3,38,0.30150000000000005
0.0310823917388916,3,0.3,43,0.29250000000000004
0.04154777526855469,3,0.3,60,0.29700000000000004
0.05210542678833008,3,0.3,71,0.29250000000000004
0.06233525276184082,3,0.3,82,0.28800000000000003
0.0726003646850586,3,0.3,104,0.28800000000000003
0.08280396461486816,3,0.3,120,0.30150000000000005
0.09332966804504395,3,0.3,126,0.29250000000000004
0.10390043258666992,3,0.3,137,0.29700000000000004
0.11452817916870117,3,0.3,137,0.30150000000000005
0.12484431266784668,3,0.3,137,0.30150000000000005
0.13512730598449707,3,0.3,148,0.28350000000000003
0.14560699462890625,3,0.3,148,0.30150000000000005
0.15620088577270508,3,0.3,159,0.28800000000000003
0.16708779335021973,3,0.3,175,0.29250000000000004
0.17783379554748535,3,0.3,186,0.31050000000000005
0.18802690505981445,3,0.3,197,0.27
0.19829130172729492,3,0.3,186,0.29700000000000004
0.20837903022766113,3,0.3,208,0.29700000000000004
0.21860957145690918,3,0.3,219,0.30150000000000005
0.22896361351013184,3,0.3,236,0.29700000000000004
0.23936104774475098,3,0.3,241,0.30150000000000005
0.2496809959411621,3,0.3,252,0.30150000000000005
0.26020097732543945,3,0.3,252,0.261
0.2704582214355469,3,0.3,252,0.29700000000000004
0.28120970726013184,3,0.3,269,0.29250000000000004
0.0,4,0.3,0,0.0
0.010289669036865234,4,0.3,32,0.28800000000000003
0.02048945426940918,4,0.3,27,0.30600000000000005
0.03109908103942871,4,0.3,16,0.29250000000000004
0.04145359992980957,4,0.3,27,0.29250000000000004
0.05222749710083008,4,0.3,38,0.30600000000000005
0.06245899200439453,4,0.3,49,0.28800000000000003
0.0728902816772461,4,0.3,60,0.28350000000000003
0.08358597755432129,4,0.3,54,0.28800000000000003
0.09367179870605469,4,0.3,60,0.279
0.1038062572479248,4,0.3,76,0.29250000000000004
0.11439657211303711,4,0.3,87,0.31050000000000005
0.12476420402526855,4,0.3,87,0.30600000000000005
0.13537096977233887,4,0.3,115,0.30150000000000005
0.14609742164611816,4,0.3,131,0.28350000000000003
0.15633916854858398,4,0.3,148,0.30150000000000005
0.16695904731750488,4,0.3,153,0.28350000000000003
0.17755985260009766,4,0.3,159,0.30600000000000005
0.18826699256896973,4,0.3,170,0.28800000000000003
0.19845128059387207,4,0.3,164,0.29700000000000004
0.208970308303833,4,0.3,181,0.31500000000000006
0.21943116188049316,4,0.3,192,0.29700000000000004
0.2300097942352295,4,0.3,197,0.30600000000000005
0.2402787208557129,4,0.3,208,0.28350000000000003
0.25078487396240234,4,0.3,214,0.30600000000000005
0.2610902786254883,4,0.3,214,0.30600000000000005
0.27124953269958496,4,0.3,230,0.30150000000000005
0.2815592288970947,4,0.3,230,0.28800000000000003
0.0,0,0.35,0,-0.0045000000000000005
0.010328292846679688,0,0.35,49,0.3285
0.020722627639770508,0,0.35,21,0.36900000000000005
0.031289100646972656,0,0.35,32,0.35100000000000003
0.041762351989746094,0,0.35,38,0.34650000000000003
0.05209779739379883,0,0.35,54,0.3375
0.06253409385681152,0,0.35,65,0.34650000000000003
0.0726766586303711,0,0.35,82,0.342
0.08284687995910645,0,0.35,98,0.35100000000000003
0.09313321113586426,0,0.35,120,0.35550000000000004
0.10345959663391113,0,0.35,131,0.333
0.11406373977661133,0,0.35,148,0.35550000000000004
0.12443947792053223,0,0.35,164,0.324
0.1347959041595459,0,0.35,164,0.324
0.14528751373291016,0,0.35,175,0.342
0.15589189529418945,0,0.35,181,0.3375
0.1660759449005127,0,0.35,192,0.34650000000000003
0.17668437957763672,0,0.35,208,0.333
0.18716788291931152,0,0.35,230,0.35100000000000003
0.19760346412658691,0,0.35,236,0.31050000000000005
0.20809078216552734,0,0.35,241,0.37350000000000005
0.21831822395324707,0,0.35,258,0.3375
0.22891640663146973,0,0.35,269,0.30600000000000005
0.0,1,0.35,0,0.0045000000000000005
0.01051640510559082,1,0.35,49,0.34650000000000003
0.020856618881225586,1,0.35,32,0.37350000000000005
0.031233787536621094,1,0.35,27,0.34650000000000003
0.04146552085876465,1,0.35,38,0.35100000000000003
0.05190682411193848,1,0.35,54,0.333
0.06268954277038574,1,0.35,76,0.3285
0.07364821434020996,1,0.35,87,0.3375
0.08418750762939453,1,0.35,93,0.333
0.09488391876220703,1,0.35,115,0.34650000000000003
0.10507845878601074,1,0.35,131,0.342
0.11546802520751953,1,0.35,142,0.342
0.1257638931274414,1,0.35,148,0.36450000000000005
0.1360626220703125,1,0.35,164,0.3195
0.14640522003173828,1,0.35,181,0.333
0.15693449974060059,1,0.35,192,0.34650000000000003
0.1672964096069336,1,0.35,203,0.342
0.17751812934875488,1,0.35,208,0.34650000000000003
0.18764543533325195,1,0.35,225,0.34650000000000003
0.19788694381713867,1,0.35,241,0.3285
0.2085423469543457,1,0.35,252,0.36000000000000004
0.21867084503173828,1,0.35,269,0.35550000000000004
0.0,2,0.35,60,0.333
0.010355949401855469,2,0.35,0,0.333
0.0205230712890625,2,0.35,32,0.3375
0.030679702758789062,2,0.35,43,0.3375
0.04102039337158203,2,0.35,49,0.342
0.05154228210449219,2,0.35,65,0.34650000000000003
0.06182098388671875,2,0.35,76,0.34650000000000003
0.07202315330505371,2,0.35,87,0.35100000000000003
0.08258795738220215,2,0.35,93,0.333
0.09296965599060059,2,0.35,98,0.333
0.10351085662841797,2,0.35,126,0.3285
0.1140432357788086,2,0.35,126,0.3285
0.12438201904296875,2,0.35,142,0.35100000000000003
0.13481473922729492,2,0.35,153,0.333
0.14568471908569336,2,0.35,159,0.3375
0.15651893615722656,2,0.35,181,0.35100000000000003
0.16680026054382324,2,0.35,186,0.35550000000000004
0.17754530906677246,2,0.35,203,0.35550000000000004
0.18809819221496582,2,0.35,219,0.35100000000000003
0.19840764999389648,2,0.35,225,0.31500000000000006
0.2089076042175293,2,0.35,241,0.35100000000000003
0.21910905838012695,2,0.35,247,0.31500000000000006
0.0,3,0.35,38,0.333
0.010532855987548828,3,0.35,38,0.34650000000000003
0.020819902420043945,3,0.35,32,0.3285
0.03133082389831543,3,0.35,38,0.34650000000000003
0.041555166244506836,3,0.35,38,0.34650000000000003
0.05177593231201172,3,0.35,49,0.3285
0.06207990646362305,3,0.35,60,0.34650000000000003
0.07244181632995605,3,0.35,76,0.35100000000000003
0.08271551132202148,3,0.35,87,0.324
0.0932309627532959,3,0.35,104,0.333
0.10357069969177246,3,0.35,115,0.342
0.11414146423339844,3,0.35,131,0.34650000000000003
0.12431859970092773,3,0.35,142,0.34650000000000003
0.1347370147705078,3,0.35,153,0.342
0.14513111114501953,3,0.35,159,0.36000000000000004
0.1556549072265625,3,0.35,170,0.324
0.16597843170166016,3,0.35,186,0.35550000000000004
0.17683053016662598,3,0.35,192,0.30150000000000005
0.18710970878601074,3,0.35,230,0.35550000000000004
0.19719386100769043,3,0.35,241,0.3195
0.20737290382385254,3,0.35,247,0.36450000000000005
0.217972993850708,3,0.35,263,0.36000000000000004
0.0,4,0.35,49,0.3375
0.01055598258972168,4,0.35,60,0.36000000000000004
0.020790576934814453,4,0.35,32,0.36450000000000005
0.0311126708984375,4,0.35,49,0.342
0.041493892669677734,4,0.35,54,0.342
0.05203676223754883,4,0.35,76,0.3375
0.06262922286987305,4,0.35,93,0.324
0.07337260246276855,4,0.35,109,0.342
0.0837709903717041,4,0.35,120,0.34650000000000003
0.09394598007202148,4,0.35,131,0.342
0.10431838035583496,4,0.35,131,0.342
0.11480069160461426,4,0.35,142,0.34650000000000003
0.12509512901306152,4,0.35,164,0.36450000000000005
0.13569378852844238,4,0.35,164,0.324
0.14606046676635742,4,0.35,181,0.3375
0.15619230270385742,4,0.35,192,0.324
0.16655635833740234,4,0.35,208,0.34650000000000003
0.1766984462738037,4,0.35,230,0.324
0.18703937530517578,4,0.35,241,0.35100000000000003
0.19759297370910645,4,0.35,252,0.31050000000000005
0.207733154296875,4,0.35,252,0.342
0.21831417083740234,4,0.35,274,0.34650000000000003
0.0,0,0.4,0,-0.0135
0.010521173477172852,0,0.4,32,0.4005
0.021050214767456055,0,0.4,32,0.387
0.03148961067199707,0,0.4,54,0.3915
0.04177212715148926,0,0.4,71,0.396
0.052108049392700195,0,0.4,87,0.378
0.06257796287536621,0,0.4,109,0.4005
0.07282137870788574,0,0.4,131,0.3825
0.0829322338104248,0,0.4,137,0.396
0.0935063362121582,0,0.4,153,0.40950000000000003
0.10382294654846191,0,0.4,159,0.36450000000000005
0.11427521705627441,0,0.4,170,0.387
0.12474417686462402,0,0.4,181,0.36900000000000005
0.1349937915802002,0,0.4,203,0.396
0.1454753875732422,0,0.4,214,0.36900000000000005
0.15576863288879395,0,0.4,230,0.41400000000000003
0.1664423942565918,0,0.4,252,0.3825
0.17698264122009277,0,0.4,263,0.378
0.0,1,0.4,0,0.0
0.010248184204101562,1,0.4,76,0.37350000000000005
0.020611286163330078,1,0.4,0,0.3825
0.03079843521118164,1,0.4,38,0.396
0.04120016098022461,1,0.4,49,0.396
0.051520586013793945,1,0.4,65,0.396
0.06206464767456055,1,0.4,76,0.387
0.0725407600402832,1,0.4,82,0.3825
0.08300662040710449,1,0.4,98,0.405
0.09319925308227539,1,0.4,104,0.405
0.10357308387756348,1,0.4,126,0.378
0.11369061470031738,1,0.4,142,0.4005
0.12392449378967285,1,0.4,142,0.4005
0.1342020034790039,1,0.4,159,0.40950000000000003
0.1449265480041504,1,0.4,170,0.36450000000000005
0.15524864196777344,1,0.4,192,0.4005
0.16581296920776367,1,0.4,197,0.35550000000000004
0.1760098934173584,1,0.4,214,0.387
0.18639254570007324,1,0.4,236,0.36000000000000004
0.19676733016967773,1,0.4,258,0.41850000000000004
0.0,2,0.4,71,0.36000000000000004
0.0105743408203125,2,0.4,0,0.4005
0.020924091339111328,2,0.4,43,0.4005
0.031426429748535156,2,0.4,65,0.378
0.041879892349243164,2,0.4,87,0.3915
0.052430152893066406,2,0.4,93,0.396
0.06269693374633789,2,0.4,115,0.387
0.07279634475708008,2,0.4,115,0.387
0.08309531211853027,2,0.4,131,0.3915
0.09323668479919434,2,0.4,153,0.4005
0.10336828231811523,2,0.4,153,0.396
0.11362266540527344,2,0.4,181,0.40950000000000003
0.12399029731750488,2,0.4,197,0.3825
0.1342909336090088,2,0.4,219,0.405
0.1446211338043213,2,0.4,236,0.36000000000000004
0.15521574020385742,2,0.4,247,0.41400000000000003
0.16564154624938965,2,0.4,269,0.42750000000000005
0.17632102966308594,2,0.4,269,0.378
0.0,3,0.4,98,0.35550000000000004
0.01046299934387207,3,0.4,10,0.378
0.02086663246154785,3,0.4,54,0.3825
0.031180143356323242,3,0.4,71,0.378
0.04169058799743652,3,0.4,98,0.3915
0.0519101619720459,3,0.4,115,0.396
0.062183380126953125,3,0.4,131,0.387
0.07280230522155762,3,0.4,137,0.396
0.08334922790527344,3,0.4,142,0.4005
0.09350419044494629,3,0.4,153,0.3825
0.1037139892578125,3,0.4,159,0.405
0.11394619941711426,3,0.4,186,0.36450000000000005
0.12422394752502441,3,0.4,197,0.4005
0.13454413414001465,3,0.4,197,0.4005
0.14474916458129883,3,0.4,230,0.3825
0.15532183647155762,3,0.4,241,0.405
0.16566896438598633,3,0.4,236,0.35550000000000004
0.17622995376586914,3,0.4,258,0.40950000000000003
0.0,4,0.4,65,0.3825
0.010147571563720703,4,0.4,16,0.405
0.02030634880065918,4,0.4,27,0.3915
0.031069517135620117,4,0.4,43,0.3915
0.04136013984680176,4,0.4,43,0.3825
0.05193185806274414,4,0.4,65,0.387
0.062154531478881836,4,0.4,82,0.4005
0.07261872291564941,4,0.4,98,0.3825
0.08291125297546387,4,0.4,115,0.3825
0.09309196472167969,4,0.4,115,0.3825
0.10324382781982422,4,0.4,131,0.387
0.11372613906860352,4,0.4,148,0.405
0.12418079376220703,4,0.4,159,0.36450000000000005
0.13445281982421875,4,0.4,181,0.396
0.1447899341583252,4,0.4,186,0.36900000000000005
0.15530705451965332,4,0.4,203,0.40950000000000003
0.16578054428100586,4,0.4,219,0.36450000000000005
0.17648100852966309,4,0.4,241,0.396
0.18699431419372559,4,0.4,252,0.36450000000000005
0.0,0,0.45,82,0.40950000000000003
0.010217428207397461,0,0.45,0,0.4365
0.02092719078063965,0,0.45,38,0.45
0.031305551528930664,0,0.45,54,0.441
0.04158782958984375,0,0.45,71,0.4455
0.0518951416015625,0,0.45,82,0.432
0.062188148498535156,0,0.45,82,0.432
0.07276511192321777,0,0.45,98,0.459
0.08286166191101074,0,0.45,109,0.459
0.09321761131286621,0,0.45,131,0.4545
0.1035149097442627,0,0.45,148,0.4365
0.11374258995056152,0,0.45,170,0.459
0.12455511093139648,0,0.45,203,0.40950000000000003
0.1348106861114502,0,0.45,214,0.4635
0.1452176570892334,0,0.45,236,0.441
0.1556088924407959,0,0.45,247,0.459
0.0,1,0.45,104,0.396
0.010130643844604492,1,0.45,104,0.396
0.020372867584228516,1,0.45,0,0.4365
0.031016826629638672,1,0.45,43,0.441
0.04137277603149414,1,0.45,71,0.4455
0.05183053016662598,1,0.45,71,0.4545
0.06231427192687988,1,0.45,93,0.4455
0.0727078914642334,1,0.45,109,0.42750000000000005
0.08278203010559082,1,0.45,120,0.4635
0.09326577186584473,1,0.45,142,0.4455
0.10381174087524414,1,0.45,159,0.41850000000000004
0.11413097381591797,1,0.45,181,0.4545
0.12423539161682129,1,0.45,192,0.432
0.13480257987976074,1,0.45,214,0.45
0.145172119140625,1,0.45,236,0.41850000000000004
0.15574240684509277,1,0.45,247,0.4545
0.0,2,0.45,131,0.4005
0.010364770889282227,2,0.45,0,0.432
0.020638227462768555,2,0.45,60,0.441
0.031222820281982422,2,0.45,76,0.4365
0.041790008544921875,2,0.45,98,0.45
0.05208849906921387,2,0.45,109,0.45
0.06264734268188477,2,0.45,126,0.4545
0.07275176048278809,2,0.45,137,0.42300000000000004
0.08331942558288574,2,0.45,137,0.42300000000000004
0.0935814380645752,2,0.45,159,0.4545
0.10401177406311035,2,0.45,175,0.41400000000000003
0.11455225944519043,2,0.45,192,0.4455
0.12489962577819824,2,0.45,208,0.4455
0.1356031894683838,2,0.45,230,0.4455
0.14577770233154297,2,0.45,252,0.396
0.15594053268432617,2,0.45,269,0.47250000000000003
0.0,3,0.45,0,0.0
0.010294675827026367,3,0.45,82,0.42300000000000004
0.020631074905395508,3,0.45,16,0.49950000000000006
0.03104686737060547,3,0.45,49,0.45
0.041491031646728516,3,0.45,60,0.45
0.05174827575683594,3,0.45,76,0.42750000000000005
0.06236886978149414,3,0.45,82,0.4365
0.07290983200073242,3,0.45,104,0.45
0.08357095718383789,3,0.45,131,0.4545
0.09416508674621582,3,0.45,142,0.4365
0.10430097579956055,3,0.45,164,0.45
0.11484813690185547,3,0.45,186,0.4545
0.12497878074645996,3,0.45,192,0.441
0.13539719581604004,3,0.45,214,0.432
0.1459658145904541,3,0.45,230,0.459
0.15652251243591309,3,0.45,247,0.405
0.0,4,0.45,0,0.0
0.010441780090332031,4,0.45,87,0.42300000000000004
0.021004915237426758,4,0.45,0,0.4365
0.031311988830566406,4,0.45,43,0.459
0.041697025299072266,4,0.45,60,0.4365
0.05266308784484863,4,0.45,65,0.41850000000000004
0.06300616264343262,4,0.45,71,0.4455
0.07344388961791992,4,0.45,104,0.4635
0.08397173881530762,4,0.45,115,0.441
0.09418535232543945,4,0.45,142,0.4365
0.10480880737304688,4,0.45,164,0.45
0.11503481864929199,4,0.45,175,0.4455
0.12557697296142578,4,0.45,197,0.45
0.13582634925842285,4,0.45,219,0.432
0.14619135856628418,4,0.45,236,0.4455
0.15655159950256348,4,0.45,258,0.42300000000000004
0.0,0,0.5,0,0.0
0.010538578033447266,0,0.5,115,0.4545
0.021236419677734375,0,0.5,0,0.48600000000000004
0.03157806396484375,0,0.5,49,0.48600000000000004
0.04207968711853027,0,0.5,71,0.49950000000000006
0.05251145362854004,0,0.5,87,0.49950000000000006
0.06299352645874023,0,0.5,104,0.49950000000000006
0.07314324378967285,0,0.5,115,0.468
0.08343124389648438,0,0.5,131,0.49500000000000005
0.09365701675415039,0,0.5,159,0.49500000000000005
0.10422539710998535,0,0.5,170,0.49500000000000005
0.11437320709228516,0,0.5,203,0.5130000000000001
0.12465786933898926,0,0.5,219,0.4545
0.13489055633544922,0,0.5,241,0.522
0.0,1,0.5,0,0.0
0.010140419006347656,1,0.5,131,0.4545
0.02087879180908203,1,0.5,0,0.48600000000000004
0.031218767166137695,1,0.5,54,0.49050000000000005
0.04146766662597656,1,0.5,65,0.49050000000000005
0.05188584327697754,1,0.5,93,0.49050000000000005
0.06261324882507324,1,0.5,104,0.49500000000000005
0.07281827926635742,1,0.5,126,0.48150000000000004
0.08350062370300293,1,0.5,137,0.47700000000000004
0.0936281681060791,1,0.5,159,0.49050000000000005
0.10417318344116211,1,0.5,192,0.468
0.11462163925170898,1,0.5,219,0.49950000000000006
0.12502479553222656,1,0.5,236,0.4635
0.1352400779724121,1,0.5,258,0.5130000000000001
0.0,2,0.5,0,-0.0045000000000000005
0.010503530502319336,2,0.5,109,0.47250000000000003
0.020969152450561523,2,0.5,0,0.49050000000000005
0.03115987777709961,2,0.5,60,0.49050000000000005
0.041676998138427734,2,0.5,87,0.48600000000000004
0.05204319953918457,2,0.5,104,0.5040000000000001
0.0622406005859375,2,0.5,137,0.49500000000000005
0.07248091697692871,2,0.5,164,0.49950000000000006
0.08294939994812012,2,0.5,181,0.5040000000000001
0.0934598445892334,2,0.5,197,0.5265
0.10386872291564941,2,0.5,219,0.49500000000000005
0.11435747146606445,2,0.5,241,0.49950000000000006
0.12459397315979004,2,0.5,269,0.5040000000000001
0.13481569290161133,2,0.5,291,0.45
0.0,3,0.5,0,0.0
0.01034998893737793,3,0.5,115,0.4365
0.020760297775268555,3,0.5,16,0.49050000000000005
0.03101181983947754,3,0.5,54,0.48150000000000004
0.04134321212768555,3,0.5,71,0.49950000000000006
0.05195307731628418,3,0.5,93,0.49950000000000006
0.06238555908203125,3,0.5,115,0.49950000000000006
0.07287120819091797,3,0.5,120,0.5040000000000001
0.08317065238952637,3,0.5,142,0.5040000000000001
0.09353971481323242,3,0.5,164,0.48150000000000004
0.10399627685546875,3,0.5,192,0.48600000000000004
0.11455821990966797,3,0.5,208,0.49050000000000005
0.12482643127441406,3,0.5,236,0.5085000000000001
0.13518619537353516,3,0.5,252,0.4545
0.0,4,0.5,0,0.0045000000000000005
0.010524988174438477,4,0.5,137,0.4455
0.020941734313964844,4,0.5,-21,0.47700000000000004
0.031110525131225586,4,0.5,76,0.5175000000000001
0.04213309288024902,4,0.5,104,0.49950000000000006
0.0525660514831543,4,0.5,115,0.49050000000000005
0.06310200691223145,4,0.5,137,0.49950000000000006
0.07353448867797852,4,0.5,153,0.5040000000000001
0.08406662940979004,4,0.5,170,0.47250000000000003
0.09418129920959473,4,0.5,186,0.5130000000000001
0.10473394393920898,4,0.5,208,0.4635
0.11528825759887695,4,0.5,214,0.5085000000000001
0.12584185600280762,4,0.5,247,0.459
0.13623309135437012,4,0.5,269,0.5175000000000001
0.14634251594543457,4,0.5,291,0.49050000000000005
