time,series_id,torque_trial,speed1,speed2,torque1,torque2,transformed1,transformed2
0.0,0,0.25,0,0,0.0045000000000000005,0.018000000000000002,-0.076245,-0.111531
0.010727167129516602,0,0.25,76,49,0.2295,0.234,-0.07689363416321117,-0.11169691099869458
0.02110767364501953,0,0.25,153,98,0.24300000000000002,0.23850000000000002,-0.07755080298646459,-0.11186282199738917
0.03139638900756836,0,0.25,219,153,0.2205,0.234,-0.07811409054925324,-0.11204904862857697
0.04189610481262207,0,0.25,313,208,0.21150000000000002,0.24750000000000003,-0.07891634859322495,-0.11223527525976476
0.0524134635925293,0,0.25,406,291,0.225,0.189,-0.07971007197715442,-0.11251630817592088
0.06287097930908203,0,0.25,499,384,0.2025,0.24750000000000003,-0.08050379536108387,-0.1128312004795657
0.07313752174377441,0,0.25,598,444,0.216,0.25200000000000006,-0.08134872670526686,-0.11303435680449785
0.08327722549438477,0,0.25,692,510,0.2205,0.198,-0.08215098474923857,-0.1132578287619232
0.09417057037353516,0,0.25,774,576,0.25200000000000006,0.24750000000000003,-0.08285082687270325,-0.11348130071934855
0.10449457168579102,0,0.25,856,659,0.24300000000000002,0.2295,-0.08355066899616793,-0.11376233363550467
0.11486601829528809,0,0.25,933,714,0.216,0.2655,-0.08420783781942136,-0.11394856026669246
0.12531232833862305,0,0.25,1021,796,0.29250000000000004,0.24300000000000002,-0.08495888790313956,-0.11422620724409972
0.13589215278625488,0,0.25,1120,834,0.15300000000000002,0.24300000000000002,-0.08580381924732254,-0.11435487291655674
0.14622902870178223,0,0.25,1203,922,0.1395,0.3285,-0.08651219603082948,-0.11465283552645722
0.1566920280456543,0,0.25,1274,1005,0.162,0.189,-0.08711815689382939,-0.11493386844261334
0.16685128211975098,0,0.25,1345,1065,0.25200000000000006,0.3285,-0.0877241177568293,-0.11513702476754549
0.17731142044067383,0,0.25,1444,1126,0.216,0.2295,-0.08856904910101226,-0.1153435670312265
0.18773221969604492,0,0.25,1444,1126,0.216,0.2295,-0.08856904910101226,-0.1153435670312265
0.1979982852935791,0,0.25,1549,1224,0.1665,0.29700000000000004,-0.08946518840544876,-0.11567538902861565
0.20867276191711426,0,0.25,1636,1279,0.171,0.25650000000000006,-0.09020770382912471,-0.11586161565980345
0.21892833709716797,0,0.25,1713,1367,0.24300000000000002,0.162,-0.09086487265237814,-0.11615957826970393
0.22910523414611816,0,0.25,1796,1433,0.28350000000000003,0.30600000000000005,-0.09157324943588507,-0.11638305022712928
0.2394428253173828,0,0.25,1884,1483,0.198,0.1395,-0.09232429951960328,-0.11655234716457273
0.2500133514404297,0,0.25,1939,1560,0.1935,0.18450000000000003,-0.09279370582192714,-0.11681306444823564
0.26076388359069824,0,0.25,2026,1631,0.171,0.216,-0.0935362212456031,-0.11705346609940534
0.2709989547729492,0,0.25,2081,1680,0.2295,0.18450000000000003,-0.09400562754792696,-0.11721937709809993
0.2813994884490967,0,0.25,2186,1757,0.28800000000000003,0.25650000000000006,-0.09490176685236346,-0.11748009438176284
0.2915492057800293,0,0.25,2263,1812,0.234,0.2295,-0.09555893567561688,-0.11766632101295063
0.30188918113708496,0,0.25,2389,1889,0.198,0.2745,-0.09663430284094067,-0.11792703829661355
0.31209683418273926,0,0.25,2460,1961,0.24750000000000003,0.2295,-0.09724026370394058,-0.11817082588653212
0.3222835063934326,0,0.25,2559,2043,0.3195,0.2655,-0.09808519504812355,-0.11844847286393938
0.33280062675476074,0,0.25,2609,2120,0.25650000000000006,0.28350000000000003,-0.09851192805023617,-0.11870919014760228
0.3432040214538574,0,0.25,2653,2175,0.2295,0.20700000000000002,-0.09888745309209526,-0.11889541677879008
0.3537135124206543,0,0.25,2774,2241,0.17550000000000002,0.2295,-0.0999201469572078,-0.11911888873621543
0.3641030788421631,0,0.25,2850,2307,0.261,0.2025,-0.10056878112041896,-0.11934236069364079
0.37479376792907715,0,0.25,2933,2340,0.20700000000000002,0.1935,-0.1012771579039259,-0.11945409667235346
0.0,1,0.25,87,71,0.2295,0.23850000000000002,-0.07698751542367593,-0.11177140165116971
0.010635852813720703,1,0.25,170,142,0.2295,0.2205,-0.07769589220718288,-0.1120118033023394
0.021115541458129883,1,0.25,241,241,0.198,0.2295,-0.0783018530701828,-0.11234701123847743
0.03139758110046387,1,0.25,373,313,0.225,0.2205,-0.07942842819576008,-0.112590798828396
0.0420072078704834,1,0.25,466,368,0.21150000000000002,0.21150000000000002,-0.08022215157968955,-0.11277702545958379
0.05230593681335449,1,0.25,527,455,0.2205,0.225,-0.08074276584226694,-0.1130716021307354
0.06271862983703613,1,0.25,615,538,0.234,0.24300000000000002,-0.08149381592598515,-0.11335263504689153
0.0729374885559082,1,0.25,697,609,0.234,0.21150000000000002,-0.08219365804944982,-0.11359303669806123
0.08362555503845215,1,0.25,796,670,0.15750000000000003,0.24750000000000003,-0.0830385893936328,-0.11379957896174224
0.09417390823364258,1,0.25,867,747,0.21150000000000002,0.225,-0.08364455025663271,-0.11406029624540515
0.10432076454162598,1,0.25,966,812,0.28800000000000003,0.17550000000000002,-0.08448948160081568,-0.11428038226408163
0.11484956741333008,1,0.25,1038,812,0.189,0.17550000000000002,-0.08510397712385785,-0.11428038226408163
0.12545061111450195,1,0.25,1131,884,0.21150000000000002,0.225,-0.0858977005077873,-0.1145241698540002
0.1360311508178711,1,0.25,1131,961,0.21150000000000002,0.27,-0.0858977005077873,-0.11478488713766312
0.1463334560394287,1,0.25,1224,1032,0.234,0.17550000000000002,-0.08669142389171677,-0.11502528878883281
0.15660405158996582,1,0.25,1307,1082,0.18000000000000002,0.2745,-0.08739980067522371,-0.11519458572627626
0.16689801216125488,1,0.25,1411,1153,0.261,0.25650000000000006,-0.08828740531961794,-0.11543498737744597
0.17720675468444824,1,0.25,1516,1224,0.18000000000000002,0.29700000000000004,-0.08918354462405444,-0.11567538902861565
0.1874406337738037,1,0.25,1598,1279,0.162,0.31500000000000006,-0.08988338674751913,-0.11586161565980345
0.19781804084777832,1,0.25,1680,1351,0.1935,0.2025,-0.09058322887098381,-0.11610540324972202
0.20829153060913086,1,0.25,1779,1433,0.25650000000000006,0.29700000000000004,-0.09142816021516678,-0.11638305022712928
0.21874213218688965,1,0.25,1840,1516,0.225,0.2295,-0.09194877447774417,-0.11666408314328541
0.22895550727844238,1,0.25,1928,1565,0.17550000000000002,0.18450000000000003,-0.09269982456146238,-0.11682999414197999
0.2390904426574707,1,0.25,1983,1647,0.20700000000000002,0.20700000000000002,-0.09316923086378624,-0.11710764111938725
0.2494053840637207,1,0.25,2076,1708,0.25200000000000006,0.25650000000000006,-0.09396295424771571,-0.11731418338306826
0.2597842216491699,1,0.25,2142,1779,0.21150000000000002,0.24300000000000002,-0.09452624181050436,-0.11755458503423795
0.2705569267272949,1,0.25,2279,1834,0.189,0.25200000000000006,-0.09569549023629292,-0.11774081166542574
0.2811298370361328,1,0.25,2345,1906,0.261,0.189,-0.09625877779908157,-0.11798459925534432
0.29166150093078613,1,0.25,2433,1977,0.234,0.198,-0.09700982788279977,-0.11822500090651401
0.30225419998168945,1,0.25,2460,2054,0.1935,0.2025,-0.09724026370394058,-0.11848571819017693
0.31246161460876465,1,0.25,2554,2131,0.189,0.2295,-0.0980425217479123,-0.11874643547383984
0.32294774055480957,1,0.25,2642,2202,0.28800000000000003,0.2025,-0.09879357183163048,-0.11898683712500954
0.3337254524230957,1,0.25,2730,2263,0.3195,0.2025,-0.09954462191534869,-0.11919337938869055
0.3439364433288574,1,0.25,2850,2312,0.24300000000000002,0.15300000000000002,-0.10056878112041896,-0.11935929038738513
0.35454583168029785,1,0.25,2938,2356,0.28800000000000003,0.2025,-0.10131983120413716,-0.11950827169233537
0.3649165630340576,1,0.25,2949,2438,0.189,0.17550000000000002,-0.10141371246460194,-0.11978591866974263
0.0,2,0.25,87,76,0.2295,0.23850000000000002,-0.07698751542367593,-0.11178833134491405
0.010212898254394531,2,0.25,159,164,0.24300000000000002,0.225,-0.0776020109467181,-0.11208629395481452
0.020539045333862305,2,0.25,225,269,0.23850000000000002,0.24300000000000002,-0.07816529850950675,-0.11244181752344577
0.030872344970703125,2,0.25,313,313,0.2295,0.24750000000000003,-0.07891634859322495,-0.112590798828396
0.04094719886779785,2,0.25,411,368,0.23850000000000002,0.261,-0.07975274527736567,-0.11277702545958379
0.05122661590576172,2,0.25,510,368,0.23850000000000002,0.261,-0.08059767662154865,-0.11277702545958379
0.06142568588256836,2,0.25,510,439,0.23850000000000002,0.2205,-0.08059767662154865,-0.1130174271107535
0.07183718681335449,2,0.25,615,521,0.21150000000000002,0.261,-0.08149381592598515,-0.11329507408816075
0.08237028121948242,2,0.25,703,582,0.225,0.1935,-0.08224486600970334,-0.11350161635184176
0.09267950057983398,2,0.25,785,664,0.23850000000000002,0.28800000000000003,-0.08294470813316802,-0.11377926332924902
0.10277318954467773,2,0.25,873,730,0.2295,0.2295,-0.08369575821688623,-0.11400273528667437
0.11311578750610352,2,0.25,977,785,0.1935,0.18000000000000002,-0.08458336286128046,-0.11418896191786217
0.12378191947937012,2,0.25,1049,873,0.31050000000000005,0.1665,-0.08519785838432263,-0.11448692452776264
0.13406586647033691,2,0.25,1131,933,0.2025,0.29700000000000004,-0.0858977005077873,-0.11469008085269478
0.14445853233337402,2,0.25,1230,1010,0.225,0.15300000000000002,-0.08674263185197029,-0.1149507981363577
0.15485143661499023,2,0.25,1312,1065,0.2655,0.31500000000000006,-0.08744247397543498,-0.11513702476754549
0.16520309448242188,2,0.25,1373,1137,0.25200000000000006,0.2205,-0.08796308823801235,-0.11538081235746406
0.17539668083190918,2,0.25,1455,1197,0.28800000000000003,0.2745,-0.08866293036147704,-0.1155839686823962
0.18579626083374023,2,0.25,1538,1285,0.2205,0.28350000000000003,-0.08937130714498398,-0.11588193129229667
0.19636058807373047,2,0.25,1614,1362,0.2745,0.198,-0.09001994130819516,-0.11614264857595959
0.20654559135437012,2,0.25,1730,1417,0.18450000000000003,0.30150000000000005,-0.09100996187309643,-0.11632887520714738
0.21706199645996094,2,0.25,1801,1488,0.234,0.189,-0.09161592273609634,-0.11656927685831707
0.22716903686523438,2,0.25,1917,1543,0.198,0.18000000000000002,-0.0926059433009976,-0.11675550348950486
0.23736810684204102,2,0.25,1988,1609,0.23850000000000002,0.20700000000000002,-0.09321190416399751,-0.11697897544693023
0.24771833419799805,2,0.25,2098,1609,0.2205,0.20700000000000002,-0.09415071676864525,-0.11697897544693023
0.2581334114074707,2,0.25,2147,1757,0.2205,0.24750000000000003,-0.09456891511071562,-0.11748009438176284
0.26839780807495117,2,0.25,2147,1757,0.2205,0.24750000000000003,-0.09456891511071562,-0.11748009438176284
0.2788715362548828,2,0.25,2235,1845,0.189,0.20700000000000002,-0.09531996519443382,-0.11777805699166331
0.28940415382385254,2,0.25,2285,1911,0.189,0.2205,-0.09574669819654644,-0.11800152894908866
0.3000779151916504,2,0.25,2395,1977,0.171,0.24750000000000003,-0.09668551080119418,-0.11822500090651401
0.3106660842895508,2,0.25,2477,2048,0.1935,0.25200000000000006,-0.09738535292465887,-0.11846540255768372
0.3212440013885498,2,0.25,2581,2092,0.21150000000000002,0.21150000000000002,-0.0982729575690531,-0.11861438386263395
0.33139562606811523,2,0.25,2658,2164,0.20700000000000002,0.198,-0.09893012639230653,-0.11885817145255252
0.3415248394012451,2,0.25,2702,2230,0.279,0.21150000000000002,-0.09930565143416563,-0.11908164340997787
0.35211181640625,2,0.25,2779,2301,0.28350000000000003,0.28350000000000003,-0.09996282025741905,-0.11932204506114757
0.36264586448669434,2,0.25,2861,2373,0.198,0.24750000000000003,-0.10066266238088374,-0.11956583265106614
0.37320852279663086,2,0.25,2938,2455,0.24300000000000002,0.24750000000000003,-0.10131983120413716,-0.1198434796284734
0.0,3,0.25,93,54,0.225,0.23850000000000002,-0.07703872338392946,-0.11171384069243893
0.010261058807373047,3,0.25,175,87,0.225,0.216,-0.07773856550739414,-0.1118255766711516
0.020938873291015625,3,0.25,236,159,0.24300000000000002,0.2205,-0.07825917976997153,-0.11206936426107017
0.03150486946105957,3,0.25,318,252,0.2205,0.2205,-0.07895902189343622,-0.112384256564715
0.04197216033935547,3,0.25,406,335,0.2205,0.24300000000000002,-0.07971007197715442,-0.11266528948087112
0.05240941047668457,3,0.25,516,390,0.24750000000000003,0.261,-0.08064888458180217,-0.11285151611205892
0.06291532516479492,3,0.25,620,444,0.24300000000000002,0.25200000000000006,-0.0815364892261964,-0.11303435680449785
0.07307076454162598,3,0.25,697,560,0.261,0.279,-0.08219365804944982,-0.11342712569936664
0.08341717720031738,3,0.25,774,587,0.18000000000000002,0.21150000000000002,-0.08285082687270325,-0.1135185460455861
0.09373092651367188,3,0.25,867,670,0.2025,0.29250000000000004,-0.08364455025663271,-0.11379957896174224
0.10425138473510742,3,0.25,955,725,0.279,0.25200000000000006,-0.08439560034035092,-0.11398580559293003
0.11457514762878418,3,0.25,1032,802,0.1395,0.1935,-0.08505276916360434,-0.11424652287659294
0.12493324279785156,3,0.25,1115,802,0.29700000000000004,0.1935,-0.08576114594711128,-0.11424652287659294
0.13538455963134766,3,0.25,1115,867,0.29700000000000004,0.261,-0.08576114594711128,-0.11446660889526943
0.1459510326385498,3,0.25,1197,928,0.29250000000000004,0.31500000000000006,-0.08646098807057596,-0.11467315115895044
0.1563880443572998,3,0.25,1296,1005,0.28800000000000003,0.1665,-0.08730591941475893,-0.11493386844261334
0.16697049140930176,3,0.25,1373,1076,0.18450000000000003,0.30150000000000005,-0.08796308823801235,-0.11517427009378305
0.17740464210510254,3,0.25,1461,1126,0.29700000000000004,0.23850000000000002,-0.08871413832173056,-0.1153435670312265
0.18768310546875,3,0.25,1554,1203,0.28350000000000003,0.28800000000000003,-0.08950786170566002,-0.11560428431488941
0.1982276439666748,3,0.25,1642,1279,0.2655,0.31050000000000005,-0.09025891178937823,-0.11586161565980345
0.20832109451293945,3,0.25,1719,1334,0.24300000000000002,0.234,-0.09091608061263165,-0.11604784229099124
0.21879267692565918,3,0.25,1812,1400,0.15750000000000003,0.162,-0.0917098039965611,-0.11627131424841661
0.22888422012329102,3,0.25,1873,1472,0.30600000000000005,0.234,-0.0922304182591385,-0.11651510183833517
0.23935413360595703,3,0.25,1983,1571,0.2205,0.21150000000000002,-0.09316923086378624,-0.11685030977447321
0.24966835975646973,3,0.25,2043,1642,0.24300000000000002,0.21150000000000002,-0.09368131046632139,-0.1170907114256429
0.26035046577453613,3,0.25,2153,1719,0.2295,0.198,-0.09462012307096913,-0.11735142870930582
0.2705705165863037,3,0.25,2230,1790,0.162,0.225,-0.09527729189422256,-0.11759183036047552
0.28110790252685547,3,0.25,2351,1856,0.2025,0.216,-0.09630998575933508,-0.11781530231790087
0.29125022888183594,3,0.25,2433,1856,0.162,0.216,-0.09700982788279977,-0.11781530231790087
0.30147719383239746,3,0.25,2433,1900,0.162,0.2205,-0.09700982788279977,-0.11796428362285111
0.3121626377105713,3,0.25,2570,1977,0.1935,0.234,-0.09817907630858833,-0.11822500090651401
0.3222954273223877,3,0.25,2570,2048,0.1935,0.29250000000000004,-0.09817907630858833,-0.11846540255768372
0.332810640335083,3,0.25,2625,2114,0.216,0.198,-0.0986484826109122,-0.11868887451510907
0.34305500984191895,3,0.25,2719,2175,0.31050000000000005,0.2025,-0.09945074065488392,-0.11889541677879008
0.3534200191497803,3,0.25,2801,2268,0.324,0.18000000000000002,-0.1001505827783486,-0.11921030908243489
0.36380791664123535,3,0.25,2900,2334,0.25200000000000006,0.28800000000000003,-0.10099551412253158,-0.11943378103986024
0.37465381622314453,3,0.25,2938,2406,0.30150000000000005,0.2295,-0.10131983120413716,-0.11967756862977882
0.0,4,0.25,76,49,0.21150000000000002,0.225,-0.07689363416321117,-0.11169691099869458
0.01016378402709961,4,0.25,181,109,0.2295,0.2205,-0.07778977346764765,-0.11190006732362673
0.020269393920898438,4,0.25,269,197,0.225,0.23850000000000002,-0.07854082355136585,-0.1121980299335272
0.030777931213378906,4,0.25,357,296,0.24300000000000002,0.20700000000000002,-0.07929187363508405,-0.11253323786966522
0.041184186935424805,4,0.25,433,379,0.2745,0.234,-0.07994050779829523,-0.11281427078582136
0.0515437126159668,4,0.25,532,411,0.20700000000000002,0.2295,-0.0807854391424782,-0.11292262082578516
0.062091827392578125,4,0.25,609,494,0.23850000000000002,0.18000000000000002,-0.08144260796573162,-0.11320365374194129
0.07240676879882812,4,0.25,719,571,0.2025,0.23850000000000002,-0.08238142057037938,-0.11346437102560421
0.08316779136657715,4,0.25,807,637,0.198,0.1935,-0.08313247065409758,-0.11368784298302956
0.09341645240783691,4,0.25,807,637,0.198,0.1935,-0.08313247065409758,-0.11368784298302956
0.10361862182617188,4,0.25,889,708,0.18450000000000003,0.3285,-0.08383231277756226,-0.11392824463419926
0.11418843269348145,4,0.25,983,769,0.23850000000000002,0.25200000000000006,-0.08463457082153397,-0.11413478689788027
0.1247706413269043,4,0.25,1071,823,0.162,0.24300000000000002,-0.08538562090525217,-0.11431762759031919
0.1349649429321289,4,0.25,1175,900,0.25200000000000006,0.35100000000000003,-0.0862732255496464,-0.11457834487398211
0.14556288719177246,4,0.25,1263,977,0.2295,0.2025,-0.08702427563336461,-0.11483906215764501
0.15603327751159668,4,0.25,1345,1032,0.20700000000000002,0.2205,-0.0877241177568293,-0.11502528878883281
0.1661057472229004,4,0.25,1428,1087,0.30150000000000005,0.1665,-0.08843249454033623,-0.1152115154200206
0.17661833763122559,4,0.25,1505,1186,0.20700000000000002,0.1935,-0.08908966336358966,-0.11554672335615863
0.18699860572814941,4,0.25,1571,1257,0.14850000000000002,0.18000000000000002,-0.08965295092637832,-0.11578712500732834
0.19763994216918945,4,0.25,1680,1312,0.1935,0.189,-0.09058322887098381,-0.11597335163851613
0.20832443237304688,4,0.25,1735,1378,0.25650000000000006,0.30150000000000005,-0.09105263517330768,-0.11619682359594148
0.2187974452972412,4,0.25,1834,1461,0.225,0.162,-0.09189756651749066,-0.11647785651209762
0.22894573211669922,4,0.25,1911,1505,0.225,0.23850000000000002,-0.09255473534074408,-0.11662683781704784
0.2393360137939453,4,0.25,2010,1598,0.2745,0.2295,-0.09339966668492705,-0.11694173012069267
0.2496190071105957,4,0.25,2103,1669,0.18450000000000003,0.234,-0.09419339006885652,-0.11718213177186236
0.25971317291259766,4,0.25,2180,1741,0.25650000000000006,0.20700000000000002,-0.09485055889210994,-0.11742591936178093
0.2700967788696289,4,0.25,2252,1807,0.15300000000000002,0.25650000000000006,-0.0954650544151521,-0.11764939131920629
0.2805178165435791,4,0.25,2318,1867,0.20700000000000002,0.20700000000000002,-0.09602834197794076,-0.11785254764413843
0.290769100189209,4,0.25,2373,1928,0.2205,0.2295,-0.09649774828026464,-0.11805908990781944
0.3009457588195801,4,0.25,2482,1977,0.189,0.20700000000000002,-0.09742802622487012,-0.11822500090651401
0.3115262985229492,4,0.25,2565,2059,0.1665,0.189,-0.09813640300837706,-0.11850264788392127
0.3217170238494873,4,0.25,2691,2059,0.2295,0.189,-0.09921177017370085,-0.11850264788392127
0.3321206569671631,4,0.25,2691,2114,0.2295,0.25200000000000006,-0.09921177017370085,-0.11868887451510907
0.3426210880279541,4,0.25,2774,2219,0.25200000000000006,0.25650000000000006,-0.0999201469572078,-0.11904439808374032
0.3528895378112793,4,0.25,2801,2279,0.18450000000000003,0.25200000000000006,-0.1001505827783486,-0.11924755440867245
0.3630509376525879,4,0.25,2883,2345,0.234,0.25200000000000006,-0.10085042490181328,-0.11947102636609781
0.37372684478759766,4,0.25,2971,2389,0.2025,0.30150000000000005,-0.10160147498553149,-0.11962000767104805
0.0,0,0.5,0,0,-0.0,0.0,-0.076245,-0.111531
0.010493040084838867,0,0.5,197,159,0.4365,0.459,-0.0779263280283237,-0.11206936426107017
0.020870447158813477,0,0.5,411,329,0.459,0.49050000000000005,-0.07975274527736567,-0.1126449738483779
0.03141212463378906,0,0.5,642,494,0.42750000000000005,0.49500000000000005,-0.08172425174712596,-0.11320365374194129
0.042070865631103516,0,0.5,840,708,0.47250000000000003,0.387,-0.0834141144354919,-0.11392824463419926
0.05231356620788574,0,0.5,1076,906,0.378,0.35100000000000003,-0.08542829420546344,-0.11459866050647532
0.06252789497375488,0,0.5,1307,1087,0.4365,0.5670000000000001,-0.08739980067522371,-0.1152115154200206
0.07293868064880371,0,0.5,1505,1285,0.47700000000000004,0.5040000000000001,-0.08908966336358966,-0.11588193129229667
0.08347296714782715,0,0.5,1752,1494,0.47250000000000003,0.40950000000000003,-0.09119772439402597,-0.11658959249081029
0.09364628791809082,0,0.5,2015,1708,0.49950000000000006,0.36450000000000005,-0.09344233998513832,-0.11731418338306826
0.10414886474609375,0,0.5,2224,1889,0.4455,0.4365,-0.09522608393396904,-0.11792703829661355
0.11454987525939941,0,0.5,2444,2103,0.49950000000000006,0.48600000000000004,-0.09710370914326455,-0.11865162918887151
0.12510132789611816,0,0.5,2636,2301,0.54,0.459,-0.09874236387137697,-0.11932204506114757
0.1355457305908203,0,0.5,2834,2515,0.3825,0.42750000000000005,-0.10043222655974293,-0.12004663595340553
0.0,1,0.5,197,164,0.4545,0.459,-0.0779263280283237,-0.11208629395481452
0.010657072067260742,1,0.5,428,318,0.41400000000000003,0.49500000000000005,-0.07989783449808396,-0.11260772852214035
0.02108597755432129,1,0.5,637,494,0.49050000000000005,0.4635,-0.08168157844691469,-0.11320365374194129
0.03151059150695801,1,0.5,851,736,0.41850000000000004,0.4545,-0.08350799569595668,-0.11402305091916759
0.04192376136779785,1,0.5,1082,906,0.522,0.333,-0.08547950216571695,-0.11459866050647532
0.051969289779663086,1,0.5,1307,1082,0.5085000000000001,0.468,-0.08739980067522371,-0.11519458572627626
0.06266951560974121,1,0.5,1543,1290,0.3825,0.36900000000000005,-0.08941398044519525,-0.11589886098604102
0.07306313514709473,1,0.5,1768,1483,0.45,0.4635,-0.091334278954702,-0.11655234716457273
0.08321738243103027,1,0.5,2015,1686,0.40950000000000003,0.4635,-0.09344233998513832,-0.11723969273059313
0.09338784217834473,1,0.5,2252,1686,0.468,0.4635,-0.0954650544151521,-0.11723969273059313
0.10402369499206543,1,0.5,2449,1884,0.49500000000000005,0.441,-0.0971463824434758,-0.1179101086028692
0.11470746994018555,1,0.5,2664,2076,0.45,0.5130000000000001,-0.09898133435256004,-0.11856020884265205
0.12499690055847168,1,0.5,2664,2285,0.45,0.48600000000000004,-0.09898133435256004,-0.11926787004116567
0.13544249534606934,1,0.5,2850,2504,0.41400000000000003,0.49950000000000006,-0.10056878112041896,-0.12000939062716798
0.0,2,0.5,203,148,0.4365,0.47700000000000004,-0.0779775359885772,-0.11203211893483261
0.010385274887084961,2,0.5,411,313,0.468,0.4545,-0.07975274527736567,-0.112590798828396
0.020620346069335938,2,0.5,637,532,0.41850000000000004,0.47250000000000003,-0.08168157844691469,-0.11333231941439831
0.030811786651611328,2,0.5,840,719,0.468,0.48600000000000004,-0.0834141144354919,-0.11396548996043682
0.04112887382507324,2,0.5,1071,944,0.36900000000000005,0.5040000000000001,-0.08538562090525217,-0.11472732617893235
0.051774024963378906,2,0.5,1301,1120,0.4005,0.4545,-0.0873485927149702,-0.11532325139873328
0.06201672554016113,2,0.5,1521,1323,0.5040000000000001,0.47250000000000003,-0.08922621792426569,-0.11601059696475369
0.07278966903686523,2,0.5,1741,1516,0.47250000000000003,0.48600000000000004,-0.0911038431335612,-0.11666408314328541
0.08333683013916016,2,0.5,1977,1708,0.468,0.49050000000000005,-0.09311802290353273,-0.11731418338306826
0.09383678436279297,2,0.5,2191,1906,0.531,0.5265,-0.09494444015257472,-0.11798459925534432
0.10401773452758789,2,0.5,2427,2120,0.5535,0.405,-0.09695861992254626,-0.11870919014760228
0.1141195297241211,2,0.5,2427,2120,0.5535,0.405,-0.09695861992254626,-0.11870919014760228
0.12449455261230469,2,0.5,2598,2318,0.49500000000000005,0.40950000000000003,-0.0984180467897714,-0.11937960601987835
0.13478350639343262,2,0.5,2807,2521,0.387,0.41850000000000004,-0.10020179073860211,-0.12006695158589875
0.0,3,0.5,203,181,0.459,0.459,-0.0779775359885772,-0.1121438549135453
0.01058340072631836,3,0.5,422,406,0.41850000000000004,0.396,-0.07984662653783045,-0.11290569113204083
0.021080493927001953,3,0.5,620,620,0.47250000000000003,0.42750000000000005,-0.0815364892261964,-0.11363028202429878
0.03153276443481445,3,0.5,845,802,0.459,0.342,-0.08345678773570316,-0.11424652287659294
0.04200434684753418,3,0.5,1082,1005,0.5085000000000001,0.4455,-0.08547950216571695,-0.11493386844261334
0.05256533622741699,3,0.5,1279,1219,0.531,0.35100000000000003,-0.08716083019404065,-0.11565845933487132
0.06288313865661621,3,0.5,1527,1417,0.42750000000000005,0.396,-0.08927742588451922,-0.11632887520714738
0.07337260246276855,3,0.5,1735,1625,0.41850000000000004,0.4455,-0.09105263517330768,-0.11703315046691212
0.08387899398803711,3,0.5,2005,1829,0.4455,0.47250000000000003,-0.0933569933847158,-0.1177238819716814
0.09412837028503418,3,0.5,2235,2026,0.5175000000000001,0.5175000000000001,-0.09531996519443382,-0.1183909119052086
0.10440397262573242,3,0.5,2460,2197,0.5085000000000001,0.441,-0.09724026370394058,-0.11896990743126519
0.11474847793579102,3,0.5,2460,2197,0.5085000000000001,0.441,-0.09724026370394058,-0.11896990743126519
0.12518954277038574,3,0.5,2664,2427,0.531,0.441,-0.09898133435256004,-0.11974867334350507
0.13564634323120117,3,0.5,2883,2625,0.41850000000000004,0.558,-0.10085042490181328,-0.12041908921578112
0.0,4,0.5,0,0,-0.0045000000000000005,0.0,-0.076245,-0.111531
0.010570526123046875,4,0.5,208,197,0.459,0.4545,-0.07802020928878847,-0.1121980299335272
0.0213775634765625,4,0.5,417,406,0.441,0.49050000000000005,-0.07980395323761919,-0.11290569113204083
0.03192877769470215,4,0.5,631,604,0.4635,0.4365,-0.08163037048666118,-0.11357610700431688
0.04209733009338379,4,0.5,873,829,0.5130000000000001,0.5715,-0.08369575821688623,-0.1143379432228124
0.05245018005371094,4,0.5,1093,1010,0.459,0.378,-0.08557338342618173,-0.1149507981363577
0.06262469291687012,4,0.5,1307,1197,0.4635,0.5895,-0.08739980067522371,-0.1155839686823962
0.0729360580444336,4,0.5,1538,1384,0.45,0.47700000000000004,-0.08937130714498398,-0.1162171392284347
0.0834958553314209,4,0.5,1768,1609,0.48150000000000004,0.5355,-0.091334278954702,-0.11697897544693023
0.09393095970153809,4,0.5,1999,1796,0.48600000000000004,0.432,-0.09330578542446229,-0.11761214599296872
0.10419321060180664,4,0.5,2213,1977,0.5040000000000001,0.5445,-0.09513220267350427,-0.11822500090651401
0.1147606372833252,4,0.5,2438,2186,0.5670000000000001,0.45,-0.09705250118301102,-0.11893266210502763
0.12512612342834473,4,0.5,2631,2378,0.5265,0.4635,-0.09869969057116572,-0.11958276234481048
0.1352982521057129,4,0.5,2845,2581,0.49050000000000005,0.4365,-0.10052610782020771,-0.1202701079108309
0.0,0,0.75,0,0,-0.0,0.0,-0.076245,-0.111531
0.010279655456542969,0,0.75,307,258,0.6615,0.6795,-0.07886514063297144,-0.1124045721972082
0.020490169525146484,0,0.75,675,587,0.7020000000000001,0.6210000000000001,-0.08200589552852028,-0.1135185460455861
0.030764341354370117,0,0.75,1010,928,0.7245,0.6120000000000001,-0.08486500664267478,-0.11467315115895044
0.04111623764038086,0,0.75,1378,1235,0.5985,0.909,-0.08800576153822362,-0.11571263435485322
0.05151700973510742,0,0.75,1730,1576,0.639,0.5760000000000001,-0.09100996187309643,-0.11686723946821755
0.061696767807006836,0,0.75,2087,1900,0.5625,0.756,-0.09405683550818048,-0.11796428362285111
0.07219767570495605,0,0.75,2449,2213,0.7245,0.675,-0.0971463824434758,-0.1190240824512471
0.08272266387939453,0,0.75,2817,2537,0.6030000000000001,0.5940000000000001,-0.10028713733902464,-0.12012112660588066
0.0,1,0.75,346,313,0.684,0.6345,-0.07919799237461927,-0.112590798828396
0.010516643524169922,1,0.75,736,686,0.6975,0.5940000000000001,-0.08252650979109766,-0.11385375398172413
0.021134138107299805,1,0.75,1087,977,0.639,0.5670000000000001,-0.08552217546592822,-0.11483906215764501
0.03178882598876953,1,0.75,1450,1323,0.6210000000000001,0.5625,-0.08862025706126578,-0.11601059696475369
0.04203057289123535,1,0.75,1801,1631,0.5715,0.7875,-0.09161592273609634,-0.11705346609940534
0.05222582817077637,1,0.75,2186,1966,0.6795,0.5760000000000001,-0.09490176685236346,-0.11818775558027646
0.06279206275939941,1,0.75,2526,2268,0.684,0.7110000000000001,-0.09780355126672922,-0.11921030908243489
0.0737142562866211,1,0.75,2872,2609,0.5985,0.7155,-0.1007565436413485,-0.12036491419579923
0.0,2,0.75,351,280,0.7065,0.6930000000000001,-0.07924066567483054,-0.11247906284968333
0.010575056076049805,2,0.75,708,648,0.5940000000000001,0.6975,-0.0822875393099146,-0.11372508830926711
0.02097177505493164,2,0.75,1054,648,0.6345,0.6975,-0.08524053168453388,-0.11372508830926711
0.031238079071044922,2,0.75,1054,944,0.6345,0.6435,-0.08524053168453388,-0.11472732617893235
0.041459083557128906,2,0.75,1406,1290,0.6525,0.47700000000000004,-0.08824473201940669,-0.11589886098604102
0.05202150344848633,2,0.75,1752,1609,0.6300000000000001,0.7155,-0.09119772439402597,-0.11697897544693023
0.0626378059387207,2,0.75,2103,1933,0.666,0.6120000000000001,-0.09419339006885652,-0.11807601960156378
0.07302141189575195,2,0.75,2471,2274,0.7380000000000001,0.7875,-0.09733414496440536,-0.11923062471492811
0.08323526382446289,2,0.75,2839,2587,0.765,0.8055,-0.10047489985995418,-0.1202904235433241
0.0,3,0.75,313,258,0.6705,0.7200000000000001,-0.07891634859322495,-0.1124045721972082
0.010299205780029297,3,0.75,675,543,0.7110000000000001,0.7245,-0.08200589552852028,-0.11336956474063588
0.02070021629333496,3,0.75,1032,889,0.7470000000000001,0.558,-0.08505276916360434,-0.11454109954774455
0.030953645706176758,3,0.75,1400,1241,0.7695,0.7875,-0.08819352405915318,-0.11573294998734643
0.04158520698547363,3,0.75,1741,1538,0.7200000000000001,0.5760000000000001,-0.0911038431335612,-0.11673857379576053
0.05236673355102539,3,0.75,2109,1840,0.6030000000000001,0.639,-0.09424459802911003,-0.11776112729791896
0.062489986419677734,3,0.75,2471,2191,0.54,0.7110000000000001,-0.09733414496440536,-0.11894959179877199
0.0727236270904541,3,0.75,2889,2504,0.5895,0.7470000000000001,-0.1009016328620668,-0.12000939062716798
0.0,4,0.75,302,329,0.7065,0.675,-0.07882246733276017,-0.1126449738483779
0.010453939437866211,4,0.75,664,670,0.6705,0.7605,-0.0819120142680555,-0.11379957896174224
0.020766496658325195,4,0.75,1054,977,0.6300000000000001,0.756,-0.08524053168453388,-0.11483906215764501
0.03127121925354004,4,0.75,1406,1296,0.666,0.5715,-0.08824473201940669,-0.11591917661853422
0.04160809516906738,4,0.75,1774,1296,0.6930000000000001,0.5715,-0.09138548691495552,-0.11591917661853422
0.051714181900024414,4,0.75,1774,1614,0.6930000000000001,0.783,-0.09138548691495552,-0.11699590514067457
0.06223464012145996,4,0.75,2131,1928,0.6975,0.5535,-0.09443236055003959,-0.11805908990781944
0.07271242141723633,4,0.75,2433,2257,0.756,0.7515,-0.09700982788279977,-0.11917306375619734
0.08318877220153809,4,0.75,2817,2609,0.6075,0.7020000000000001,-0.10028713733902464,-0.12036491419579923
0.0,0,1.0,494,483,0.8955,0.936,-0.08046112206087261,-0.11316640841570373
0.010753870010375977,0,1.0,1016,906,0.8280000000000001,1.0755000000000001,-0.08491621460292831,-0.11459866050647532
0.02091693878173828,0,1.0,1527,1362,0.8145,0.8460000000000001,-0.08927742588451922,-0.11614264857595959
0.031284332275390625,0,1.0,2054,1362,0.9900000000000001,0.8460000000000001,-0.09377519172678615,-0.11614264857595959
0.04170107841491699,0,1.0,2054,1840,0.9900000000000001,1.0215,-0.09377519172678615,-0.11776112729791896
0.05208468437194824,0,1.0,2488,2290,1.044,0.9135000000000001,-0.09747923418512364,-0.11928479973491002
0.062278032302856445,0,1.0,2999,2724,1.0170000000000001,0.8325,-0.10184044546671456,-0.12075429715191915
0.0,1,1.0,0,0,-0.0,0.0,-0.076245,-0.111531
0.010207414627075195,1,1.0,433,368,0.9315,0.9540000000000001,-0.07994050779829523,-0.11277702545958379
0.020520448684692383,1,1.0,944,796,0.864,0.864,-0.08430171907988614,-0.11422620724409972
0.030768871307373047,1,1.0,1417,1235,0.927,0.7965,-0.08833861327987146,-0.11571263435485322
0.041292428970336914,1,1.0,1906,1680,0.8325,0.927,-0.09251206204053282,-0.11721937709809993
0.051657915115356445,1,1.0,2400,2147,0.9630000000000001,0.936,-0.09672818410140545,-0.11880061049382175
0.061875343322753906,1,1.0,2916,2587,0.8684999999999999,0.918,-0.10113206868320762,-0.1202904235433241
0.0,2,1.0,466,384,0.8955,0.9315,-0.08022215157968955,-0.1128312004795657
0.010211706161499023,2,1.0,983,911,0.8235,0.9990000000000001,-0.08463457082153397,-0.11461559020021966
0.020328998565673828,2,1.0,1505,1351,0.8055,0.8775,-0.08908966336358966,-0.11610540324972202
0.03091597557067871,2,1.0,1961,1829,1.0125,0.8460000000000001,-0.0929814683428567,-0.1177238819716814
0.04102802276611328,2,1.0,2471,2279,0.882,1.0170000000000001,-0.09733414496440536,-0.11924755440867245
0.0516512393951416,2,1.0,2938,2746,0.9855,1.1025,-0.10131983120413716,-0.12082878780439428
0.0,3,1.0,0,0,-0.0045000000000000005,0.0,-0.076245,-0.111531
0.01041102409362793,3,1.0,455,466,0.8955,0.9540000000000001,-0.08012827031922477,-0.11310884745697296
0.020806550979614258,3,1.0,972,889,0.81,0.891,-0.0845406895610692,-0.11454109954774455
0.03126168251037598,3,1.0,1477,1362,0.8235,0.6705,-0.0888506928824066,-0.11614264857595959
0.041527509689331055,3,1.0,1939,1823,0.882,0.8865,-0.09279370582192714,-0.11770356633918819
0.05191159248352051,3,1.0,2438,2290,1.0035,0.8235,-0.09705250118301102,-0.11928479973491002
0.062181711196899414,3,1.0,2894,2746,0.9540000000000001,0.8235,-0.10094430616227806,-0.12082878780439428
0.0,4,1.0,516,483,0.9450000000000001,0.882,-0.08064888458180217,-0.11316640841570373
0.010596036911010742,4,1.0,1054,933,0.9585,0.7470000000000001,-0.08524053168453388,-0.11469008085269478
0.02103257179260254,4,1.0,1565,1406,0.8280000000000001,0.7020000000000001,-0.0896017429661248,-0.11629162988090982
0.03135848045349121,4,1.0,2070,1851,0.936,0.873,-0.0939117462874622,-0.11779837262415652
0.04165148735046387,4,1.0,2570,2323,0.9675,0.801,-0.09817907630858833,-0.11939653571362269
